-- Inserciones en la tabla Autores
INSERT INTO Autores (Nombre, Apellido, FechaNacimiento, Nacionalidad) VALUES
('Gabriel', 'García Márquez', '1927-03-06', 'Colombiana'),
('Isabel', 'Allende', '1942-08-02', 'Chilena'),
('Julio', 'Cortázar', '1914-08-26', 'Argentina'),
('Mario', 'Vargas Llosa', '1936-03-28', 'Peruana'),
('Jorge', 'Luis Borges', '1899-08-24', 'Argentina'),
('Carlos', 'Fuentes', '1928-11-11', 'Mexicana'),
('Pablo', 'Neruda', '1904-07-12', 'Chilena'),
('Octavio', 'Paz', '1914-03-31', 'Mexicana'),
('Laura', 'Esquivel', '1950-09-30', 'Mexicana'),
('Roberto', 'Bolaño', '1953-04-28', 'Chilena'),
('Juan', 'Rulfo', '1917-05-16', 'Mexicana'),
('Gabriela', 'Mistral', '1889-04-07', 'Chilena'),
('Vicente', 'Huidobro', '1893-01-10', 'Chilena'),
('Alejo', 'Carpentier', '1904-12-26', 'Cubana'),
('Miguel', 'Ángel Asturias', '1899-10-19', 'Guatemalteca'),
('Manuel', 'Puig', '1932-12-28', 'Argentina'),
('Eduardo', 'Galeano', '1940-09-03', 'Uruguaya'),
('Jorge', 'Amado', '1912-08-10', 'Brasileña'),
('Clarice', 'Lispector', '1920-12-10', 'Brasileña'),
('Luís', 'de Camões', '1524-06-10', 'Portuguesa'),
('Fernando', 'Pessoa', '1888-06-13', 'Portuguesa'),
('José', 'Saramago', '1922-11-16', 'Portuguesa'),
('Paulo', 'Coelho', '1947-08-24', 'Brasileña'),
('Mário', 'de Andrade', '1893-10-09', 'Brasileña'),
('Joaquim', 'Machado de Assis', '1839-06-21', 'Brasileña'),
('Lygia', 'Fagundes Telles', '1923-04-19', 'Brasileña'),
('Rubem', 'Fonseca', '1925-05-11', 'Brasileña'),
('Érico', 'Veríssimo', '1905-12-17', 'Brasileña'),
('Jorge', 'Enrique Adoum', '1926-06-29', 'Ecuatoriana'),
('Nelson', 'Rodrigues', '1912-08-23', 'Brasileña');

-- Inserciones en la tabla Categorias
INSERT INTO Categorias (Nombre) VALUES
('Ficción'),
('No Ficción'),
('Ciencia Ficción'),
('Fantasía'),
('Biografía'),
('Historia'),
('Autoayuda'),
('Salud'),
('Infantil'),
('Juvenil'),
('Educación'),
('Romance'),
('Misterio'),
('Terror'),
('Aventura'),
('Drama'),
('Poesía'),
('Teatro'),
('Ensayo'),
('Filosofía'),
('Cómic'),
('Novela Gráfica'),
('Política'),
('Economía'),
('Cocina'),
('Viajes'),
('Deporte'),
('Tecnología'),
('Ciencia'),
('Arte');

-- Inserciones en la tabla Editoriales
INSERT INTO Editoriales (Nombre, Direccion, Telefono, Email) VALUES
('Penguin Random House', 'Calle Falsa 123, Ciudad Ficticia', '123456789', 'contacto@penguin.com'),
('HarperCollins', 'Avenida Siempre Viva 456, Springfield', '987654321', 'info@harpercollins.com'),
('Simon & Schuster', '123 Calle Imaginaria, Ciudad Ejemplo', '456789123', 'info@simonandschuster.com'),
('Hachette Livre', '789 Calle Inventada, Ciudad Ficticia', '789123456', 'contacto@hachette.com'),
('Macmillan Publishers', '456 Avenida Ejemplo, Ciudad Inventada', '321654987', 'info@macmillan.com'),
('Grupo Planeta', '321 Calle Ficticia, Ciudad Ejemplo', '654987321', 'contacto@grupoplaneta.com'),
('Santillana', '159 Calle Ejemplo, Ciudad Ficticia', '987321654', 'info@santillana.com'),
('Alfaguara', '951 Avenida Falsa, Ciudad Ejemplo', '321987654', 'contacto@alfaguara.com'),
('Anagrama', '753 Calle Imaginaria, Ciudad Ficticia', '654321987', 'info@anagrama.com'),
('Tusquets', '357 Avenida Siempre Viva, Springfield', '987654321', 'contacto@tusquets.com'),
('Ediciones B', '159 Calle Inventada, Ciudad Ejemplo', '123456987', 'info@edicionesb.com'),
('Edhasa', '951 Calle Ejemplo, Ciudad Ficticia', '789654123', 'contacto@edhasa.com'),
('Fondo de Cultura Económica', '753 Avenida Falsa, Ciudad Ejemplo', '456123789', 'info@fce.com'),
('Akal', '357 Calle Imaginaria, Ciudad Ficticia', '321987654', 'contacto@akal.com'),
('Siglo XXI', '159 Avenida Siempre Viva, Springfield', '654321789', 'info@sigloxxi.com'),
('Siruela', '951 Calle Inventada, Ciudad Ejemplo', '789123654', 'contacto@siruela.com'),
('RBA', '753 Calle Ejemplo, Ciudad Ficticia', '123789456', 'info@rba.com'),
('Gredos', '357 Avenida Falsa, Ciudad Ejemplo', '456987123', 'contacto@gredos.com'),
('Taurus', '159 Calle Imaginaria, Ciudad Ficticia', '789654321', 'info@taurus.com'),
('Seix Barral', '951 Avenida Siempre Viva, Springfield', '321456987', 'contacto@seixbarral.com'),
('Destino', '753 Calle Inventada, Ciudad Ejemplo', '654987123', 'info@destino.com'),
('Espasa', '357 Calle Ejemplo, Ciudad Ficticia', '123654789', 'contacto@espasa.com'),
('Salamandra', '159 Avenida Falsa, Ciudad Ejemplo', '456321987', 'info@salamandra.com'),
('La Esfera de los Libros', '951 Calle Imaginaria, Ciudad Ficticia', '789321654', 'contacto@esferadeloslibros.com'),
('Norma', '753 Avenida Siempre Viva, Springfield', '321789456', 'info@norma.com'),
('Océano', '357 Calle Inventada, Ciudad Ejemplo', '654321123', 'contacto@oceano.com'),
('Paidos', '159 Calle Ejemplo, Ciudad Ficticia', '123987456', 'info@paidos.com'),
('Sirio', '951 Avenida Falsa, Ciudad Ejemplo', '456123321', 'contacto@sirio.com'),
('Porrúa', '753 Calle Imaginaria, Ciudad Ficticia', '789456123', 'info@porrua.com'),
('Trillas', '357 Avenida Siempre Viva, Springfield', '321654789', 'contacto@trillas.com');

-- Inserciones en la tabla Clientes
INSERT INTO Clientes (Nombre, Apellido, Email, Telefono, Direccion) VALUES
('Juan', 'Pérez', 'juan.perez@example.com', '555123456', 'Calle Principal 1, Ciudad Ejemplo'),
('María', 'García', 'maria.garcia@example.com', '555987654', 'Avenida Secundaria 2, Pueblo Ficticio'),
('Luis', 'Martínez', 'luis.martinez@example.com', '555654321', 'Calle Tercera 3, Ciudad Imaginaria'),
('Ana', 'López', 'ana.lopez@example.com', '555321987', 'Avenida Cuarta 4, Ciudad Ejemplo'),
('Carlos', 'Hernández', 'carlos.hernandez@example.com', '555789123', 'Calle Quinta 5, Pueblo Ficticio'),
('Laura', 'Rodríguez', 'laura.rodriguez@example.com', '555456789', 'Avenida Sexta 6, Ciudad Imaginaria'),
('Pedro', 'González', 'pedro.gonzalez@example.com', '555987123', 'Calle Séptima 7, Ciudad Ejemplo'),
('Elena', 'Fernández', 'elena.fernandez@example.com', '555654987', 'Avenida Octava 8, Pueblo Ficticio'),
('Miguel', 'Sánchez', 'miguel.sanchez@example.com', '555123987', 'Calle Novena 9, Ciudad Imaginaria'),
('Sara', 'Ramírez', 'sara.ramirez@example.com', '555789654', 'Avenida Décima 10, Ciudad Ejemplo'),
('Daniel', 'Torres', 'daniel.torres@example.com', '555456123', 'Calle Once 11, Pueblo Ficticio'),
('Marta', 'Flores', 'marta.flores@example.com', '555321456', 'Avenida Doce 12, Ciudad Imaginaria'),
('Diego', 'Vega', 'diego.vega@example.com', '555987456', 'Calle Trece 13, Ciudad Ejemplo'),
('Lucía', 'Morales', 'lucia.morales@example.com', '555654321', 'Avenida Catorce 14, Pueblo Ficticio'),
('Jorge', 'Ortega', 'jorge.ortega@example.com', '555123654', 'Calle Quince 15, Ciudad Imaginaria'),
('Carmen', 'Gutiérrez', 'carmen.gutierrez@example.com', '555789321', 'Avenida Dieciséis 16, Ciudad Ejemplo'),
('Ricardo', 'Ruiz', 'ricardo.ruiz@example.com', '555456789', 'Calle Diecisiete 17, Pueblo Ficticio'),
('Paula', 'Castro', 'paula.castro@example.com', '555321987', 'Avenida Dieciocho 18, Ciudad Imaginaria'),
('David', 'Vargas', 'david.vargas@example.com', '555987123', 'Calle Diecinueve 19, Ciudad Ejemplo'),
('Rosa', 'Mendoza', 'rosa.mendoza@example.com', '555654987', 'Avenida Veinte 20, Pueblo Ficticio'),
('Alberto', 'Silva', 'alberto.silva@example.com', '555123789', 'Calle Veintiuno 21, Ciudad Imaginaria'),
('Natalia', 'Núñez', 'natalia.nunez@example.com', '555789654', 'Avenida Veintidós 22, Ciudad Ejemplo'),
('Sergio', 'Pérez', 'sergio.perez@example.com', '555456123', 'Calle Veintitrés 23, Pueblo Ficticio'),
('Andrea', 'Gómez', 'andrea.gomez@example.com', '555321456', 'Avenida Veinticuatro 24, Ciudad Imaginaria'),
('Raúl', 'Domínguez', 'raul.dominguez@example.com', '555987456', 'Calle Veinticinco 25, Ciudad Ejemplo'),
('Verónica', 'Blanco', 'veronica.blanco@example.com', '555654321', 'Avenida Veintiséis 26, Pueblo Ficticio'),
('Fernando', 'Luna', 'fernando.luna@example.com', '555123654', 'Calle Veintisiete 27, Ciudad Imaginaria'),
('Cristina', 'Herrera', 'cristina.herrera@example.com', '555789321', 'Avenida Veintiocho 28, Ciudad Ejemplo'),
('Manuel', 'Rojas', 'manuel.rojas@example.com', '555456789', 'Calle Veintinueve 29, Pueblo Ficticio'),
('Pilar', 'Gil', 'pilar.gil@example.com', '555321987', 'Avenida Treinta 30, Ciudad Imaginaria');

-- Inserciones en la tabla Libros
INSERT INTO Libros (Titulo, AutorID, CategoriaID, EditorialID, FechaPublicacion, Precio, Stock) VALUES
('Cien Años de Soledad', 1, 1, 1, '1967-05-30', 20.00, 100),
('La Casa de los Espíritus', 2, 1, 2, '1982-05-15', 18.50, 50),
('Rayuela', 3, 1, 3, '1963-06-28', 15.00, 30),
('Conversación en La Catedral', 4, 1, 4, '1969-04-05', 22.00, 40),
('El Aleph', 5, 1, 5, '1949-04-20', 10.00, 20),
('La Muerte de Artemio Cruz', 6, 1, 6, '1962-03-15', 14.00, 25),
('Veinte Poemas de Amor y Una Canción Desesperada', 7, 17, 7, '1924-07-15', 12.00, 60),
('El Laberinto de la Soledad', 8, 6, 8, '1950-10-15', 19.00, 70),
('Como Agua para Chocolate', 9, 1, 9, '1989-09-30', 17.50, 50),
('2666', 10, 1, 10, '2004-11-10', 23.00, 35),
('Pedro Páramo', 11, 1, 11, '1955-03-18', 13.00, 45),
('Desolación', 12, 17, 12, '1922-12-20', 11.00, 55),
('Altazor', 13, 17, 13, '1931-11-15', 14.50, 65),
('Los Pasos Perdidos', 14, 1, 14, '1953-05-30', 18.00, 20),
('El Señor Presidente', 15, 1, 15, '1946-12-15', 16.00, 30),
('El Beso de la Mujer Araña', 16, 1, 16, '1976-06-20', 15.50, 25),
('Las Venas Abiertas de América Latina', 17, 1, 17, '1971-03-25', 20.00, 50),
('Doña Flor y sus Dos Maridos', 18, 1, 18, '1966-07-10', 18.50, 35),
('La Hora de la Estrella', 19, 1, 19, '1977-12-10', 15.00, 40),
('Os Lusíadas', 20, 17, 20, '1572-03-01', 21.00, 20),
('El Libro del Desasosiego', 21, 1, 21, '1982-01-01', 22.50, 25),
('Ensayo sobre la Ceguera', 22, 1, 22, '1995-03-16', 24.00, 35),
('El Alquimista', 23, 1, 23, '1988-05-15', 19.00, 45),
('Macunaíma', 24, 1, 24, '1928-12-15', 13.50, 55),
('Dom Casmurro', 25, 1, 25, '1899-08-25', 16.50, 30),
('Ciranda de Pedra', 26, 1, 26, '1954-09-15', 15.50, 40),
('Agosto', 27, 1, 27, '1990-11-20', 14.00, 50),
('O Tempo e o Vento', 28, 1, 28, '1949-12-17', 22.00, 20),
('Entre Marx y una Mujer Desnuda', 29, 1, 29, '1976-06-29', 18.50, 25),
('Toda Nudez Será Castigada', 30, 1, 30, '1965-08-23', 17.00, 30);

-- Inserciones en la tabla Ventas
INSERT INTO Ventas (ClienteID, FechaVenta, Total) VALUES
(1, '2024-01-15', 40.00),
(2, '2024-01-16', 30.00),
(3, '2024-01-17', 25.00),
(4, '2024-01-18', 50.00),
(5, '2024-01-19', 35.00),
(6, '2024-01-20', 45.00),
(7, '2024-01-21', 55.00),
(8, '2024-01-22', 60.00),
(9, '2024-01-23', 20.00),
(10, '2024-01-24', 75.00),
(11, '2024-01-25', 40.00),
(12, '2024-01-26', 30.00),
(13, '2024-01-27', 25.00),
(14, '2024-01-28', 50.00),
(15, '2024-01-29', 35.00),
(16, '2024-01-30', 45.00),
(17, '2024-01-31', 55.00),
(18, '2024-02-01', 60.00),
(19, '2024-02-02', 20.00),
(20, '2024-02-03', 75.00),
(21, '2024-02-04', 40.00),
(22, '2024-02-05', 30.00),
(23, '2024-02-06', 25.00),
(24, '2024-02-07', 50.00),
(25, '2024-02-08', 35.00),
(26, '2024-02-09', 45.00),
(27, '2024-02-10', 55.00),
(28, '2024-02-11', 60.00),
(29, '2024-02-12', 20.00),
(30, '2024-02-13', 75.00);

-- Inserciones en la tabla DetallesVentas
INSERT INTO DetallesVentas (VentaID, LibroID, Cantidad, PrecioUnitario) VALUES
(1, 1, 1, 20.00),
(1, 2, 1, 20.00),
(2, 3, 1, 15.00),
(2, 4, 1, 15.00),
(3, 5, 1, 10.00),
(3, 6, 1, 15.00),
(4, 7, 2, 12.00),
(5, 8, 1, 19.00),
(5, 9, 1, 16.00),
(6, 10, 2, 23.00),
(7, 11, 3, 13.00),
(8, 12, 2, 11.00),
(8, 13, 1, 14.50),
(9, 14, 1, 18.00),
(9, 15, 1, 16.00),
(10, 16, 2, 15.50),
(11, 17, 2, 20.00),
(12, 18, 2, 18.50),
(13, 19, 1, 15.00),
(13, 20, 1, 21.00),
(14, 21, 2, 22.50),
(15, 22, 2, 24.00),
(16, 23, 2, 19.00),
(17, 24, 1, 13.50),
(17, 25, 1, 16.50),
(18, 26, 2, 15.50),
(19, 27, 1, 14.00),
(19, 28, 1, 22.00),
(20, 29, 2, 18.50),
(21, 30, 1, 17.00),
(21, 1, 1, 20.00),
(22, 2, 1, 18.50),
(23, 3, 1, 15.00),
(23, 4, 1, 15.00),
(24, 5, 1, 10.00),
(25, 6, 1, 15.00),
(25, 7, 1, 12.00),
(26, 8, 1, 19.00),
(27, 9, 1, 16.00),
(27, 10, 1, 23.00),
(28, 11, 1, 13.00),
(29, 12, 1, 11.00),
(29, 13, 1, 14.50),
(30, 14, 1, 18.00);

-- Inserciones en la tabla Proveedores
INSERT INTO Proveedores (Nombre, Telefono, Email, Direccion) VALUES
('Proveedor 1', '123456789', 'contacto@proveedor1.com', 'Calle Proveedor 1, Ciudad Ejemplo'),
('Proveedor 2', '987654321', 'contacto@proveedor2.com', 'Calle Proveedor 2, Ciudad Ejemplo'),
('Proveedor 3', '456789123', 'contacto@proveedor3.com', 'Calle Proveedor 3, Ciudad Ejemplo'),
('Proveedor 4', '789123456', 'contacto@proveedor4.com', 'Calle Proveedor 4, Ciudad Ejemplo'),
('Proveedor 5', '321654987', 'contacto@proveedor5.com', 'Calle Proveedor 5, Ciudad Ejemplo'),
('Proveedor 6', '654987321', 'contacto@proveedor6.com', 'Calle Proveedor 6, Ciudad Ejemplo'),
('Proveedor 7', '123789456', 'contacto@proveedor7.com', 'Calle Proveedor 7, Ciudad Ejemplo'),
('Proveedor 8', '987321654', 'contacto@proveedor8.com', 'Calle Proveedor 8, Ciudad Ejemplo'),
('Proveedor 9', '456123789', 'contacto@proveedor9.com', 'Calle Proveedor 9, Ciudad Ejemplo'),
('Proveedor 10', '789654123', 'contacto@proveedor10.com', 'Calle Proveedor 10, Ciudad Ejemplo'),
('Proveedor 11', '321987654', 'contacto@proveedor11.com', 'Calle Proveedor 11, Ciudad Ejemplo'),
('Proveedor 12', '654321987', 'contacto@proveedor12.com', 'Calle Proveedor 12, Ciudad Ejemplo'),
('Proveedor 13', '123456987', 'contacto@proveedor13.com', 'Calle Proveedor 13, Ciudad Ejemplo'),
('Proveedor 14', '987654321', 'contacto@proveedor14.com', 'Calle Proveedor 14, Ciudad Ejemplo'),
('Proveedor 15', '456789123', 'contacto@proveedor15.com', 'Calle Proveedor 15, Ciudad Ejemplo'),
('Proveedor 16', '789123456', 'contacto@proveedor16.com', 'Calle Proveedor 16, Ciudad Ejemplo'),
('Proveedor 17', '321654987', 'contacto@proveedor17.com', 'Calle Proveedor 17, Ciudad Ejemplo'),
('Proveedor 18', '654987321', 'contacto@proveedor18.com', 'Calle Proveedor 18, Ciudad Ejemplo'),
('Proveedor 19', '123789456', 'contacto@proveedor19.com', 'Calle Proveedor 19, Ciudad Ejemplo'),
('Proveedor 20', '987321654', 'contacto@proveedor20.com', 'Calle Proveedor 20, Ciudad Ejemplo'),
('Proveedor 21', '456123789', 'contacto@proveedor21.com', 'Calle Proveedor 21, Ciudad Ejemplo'),
('Proveedor 22', '789654123', 'contacto@proveedor22.com', 'Calle Proveedor 22, Ciudad Ejemplo'),
('Proveedor 23', '321987654', 'contacto@proveedor23.com', 'Calle Proveedor 23, Ciudad Ejemplo'),
('Proveedor 24', '654321987', 'contacto@proveedor24.com', 'Calle Proveedor 24, Ciudad Ejemplo'),
('Proveedor 25', '123456987', 'contacto@proveedor25.com', 'Calle Proveedor 25, Ciudad Ejemplo'),
('Proveedor 26', '987654321', 'contacto@proveedor26.com', 'Calle Proveedor 26, Ciudad Ejemplo'),
('Proveedor 27', '456789123', 'contacto@proveedor27.com', 'Calle Proveedor 27, Ciudad Ejemplo'),
('Proveedor 28', '789123456', 'contacto@proveedor28.com', 'Calle Proveedor 28, Ciudad Ejemplo'),
('Proveedor 29', '321654987', 'contacto@proveedor29.com', 'Calle Proveedor 29, Ciudad Ejemplo'),
('Proveedor 30', '654987321', 'contacto@proveedor30.com', 'Calle Proveedor 30, Ciudad Ejemplo');

-- Inserciones en la tabla Compras
INSERT INTO Compras (ProveedorID, FechaCompra, Total) VALUES
(1, '2024-01-10', 1000.00),
(2, '2024-01-11', 1500.00),
(3, '2024-01-12', 2000.00),
(4, '2024-01-13', 1200.00),
(5, '2024-01-14', 1300.00),
(6, '2024-01-15', 1600.00),
(7, '2024-01-16', 1400.00),
(8, '2024-01-17', 1700.00),
(9, '2024-01-18', 1100.00),
(10, '2024-01-19', 1800.00),
(11, '2024-01-20', 1000.00),
(12, '2024-01-21', 1500.00),
(13, '2024-01-22', 2000.00),
(14, '2024-01-23', 1200.00),
(15, '2024-01-24', 1300.00),
(16, '2024-01-25', 1600.00),
(17, '2024-01-26', 1400.00),
(18, '2024-01-27', 1700.00),
(19, '2024-01-28', 1100.00),
(20, '2024-01-29', 1800.00),
(21, '2024-01-30', 1000.00),
(22, '2024-01-31', 1500.00),
(23, '2024-02-01', 2000.00),
(24, '2024-02-02', 1200.00),
(25, '2024-02-03', 1300.00),
(26, '2024-02-04', 1600.00),
(27, '2024-02-05', 1400.00),
(28, '2024-02-06', 1700.00),
(29, '2024-02-07', 1100.00),
(30, '2024-02-08', 1800.00);

-- Inserciones en la tabla DetallesCompras
INSERT INTO DetallesCompras (CompraID, LibroID, Cantidad, PrecioUnitario) VALUES
(1, 1, 50, 20.00),
(1, 2, 50, 18.50),
(2, 3, 50, 15.00),
(2, 4, 50, 15.00),
(3, 5, 100, 10.00),
(3, 6, 100, 15.00),
(4, 7, 50, 12.00),
(4, 8, 50, 19.00),
(5, 9, 50, 16.00),
(5, 10, 50, 23.00),
(6, 11, 50, 13.00),
(6, 12, 50, 11.00),
(7, 13, 50, 14.50),
(7, 14, 50, 18.00),
(8, 15, 50, 16.00),
(8, 16, 50, 15.50),
(9, 17, 50, 20.00),
(9, 18, 50, 18.50),
(10, 19, 50, 15.00),
(10, 20, 50, 21.00),
(11, 21, 50, 22.50),
(11, 22, 50, 24.00),
(12, 23, 50, 19.00),
(12, 24, 50, 13.50),
(13, 25, 50, 16.50),
(13, 26, 50, 15.50),
(14, 27, 50, 14.00),
(14, 28, 50, 22.00),
(15, 29, 50, 18.50),
(15, 30, 50, 17.00),
(16, 1, 50, 20.00),
(16, 2, 50, 18.50),
(17, 3, 50, 15.00),
(17, 4, 50, 15.00),
(18, 5, 50, 10.00),
(18, 6, 50, 15.00),
(19, 7, 50, 12.00),
(19, 8, 50, 19.00),
(20, 9, 50, 16.00),
(20, 10, 50, 23.00),
(21, 11, 50, 13.00),
(21, 12, 50, 11.00),
(22, 13, 50, 14.50),
(22, 14, 50, 18.00),
(23, 15, 50, 16.00),
(23, 16, 50, 15.50),
(24, 17, 50, 20.00),
(24, 18, 50, 18.50),
(25, 19, 50, 15.00),
(25, 20, 50, 21.00),
(26, 21, 50, 22.50),
(26, 22, 50, 24.00),
(27, 23, 50, 19.00),
(27, 24, 50, 13.50),
(28, 25, 50, 16.50),
(28, 26, 50, 15.50),
(29, 27, 50, 14.00),
(29, 28, 50, 22.00),
(30, 29, 50, 18.50),
(30, 30, 50, 17.00);

-- Inserciones en la tabla Empleados
INSERT INTO Empleados (Nombre, Apellido, Email, Telefono, Direccion, SucursalID) VALUES
('Luis', 'Martínez', 'luis.martinez@example.com', '555123456', 'Calle Uno 1, Ciudad Ejemplo', 1),
('Ana', 'López', 'ana.lopez@example.com', '555654321', 'Avenida Dos 2, Ciudad Ejemplo', 2),
('Carlos', 'García', 'carlos.garcia@example.com', '555987654', 'Calle Tres 3, Ciudad Ejemplo', 3),
('María', 'Rodríguez', 'maria.rodriguez@example.com', '555456789', 'Avenida Cuatro 4, Ciudad Ejemplo', 4),
('José', 'Hernández', 'jose.hernandez@example.com', '555321987', 'Calle Cinco 5, Ciudad Ejemplo', 5),
('Laura', 'Pérez', 'laura.perez@example.com', '555654987', 'Avenida Seis 6, Ciudad Ejemplo', 6),
('Javier', 'González', 'javier.gonzalez@example.com', '555123789', 'Calle Siete 7, Ciudad Ejemplo', 1),
('Sofía', 'Ramírez', 'sofia.ramirez@example.com', '555789123', 'Avenida Ocho 8, Ciudad Ejemplo', 2),
('David', 'Sánchez', 'david.sanchez@example.com', '555456123', 'Calle Nueve 9, Ciudad Ejemplo', 3),
('Elena', 'Fernández', 'elena.fernandez@example.com', '555321456', 'Avenida Diez 10, Ciudad Ejemplo', 4),
('Miguel', 'Torres', 'miguel.torres@example.com', '555987321', 'Calle Once 11, Ciudad Ejemplo', 5),
('Marta', 'Gómez', 'marta.gomez@example.com', '555654123', 'Avenida Doce 12, Ciudad Ejemplo', 6),
('Pedro', 'Jiménez', 'pedro.jimenez@example.com', '555123654', 'Calle Trece 13, Ciudad Ejemplo', 1),
('Isabel', 'Ruiz', 'isabel.ruiz@example.com', '555789321', 'Avenida Catorce 14, Ciudad Ejemplo', 2),
('Fernando', 'Martín', 'fernando.martin@example.com', '555456987', 'Calle Quince 15, Ciudad Ejemplo', 3),
('Clara', 'Morales', 'clara.morales@example.com', '555321654', 'Avenida Dieciséis 16, Ciudad Ejemplo', 4),
('Pablo', 'Ortiz', 'pablo.ortiz@example.com', '555987456', 'Calle Diecisiete 17, Ciudad Ejemplo', 5),
('Lucía', 'Castro', 'lucia.castro@example.com', '555654789', 'Avenida Dieciocho 18, Ciudad Ejemplo', 6),
('Juan', 'Gutiérrez', 'juan.gutierrez@example.com', '555123987', 'Calle Diecinueve 19, Ciudad Ejemplo', 1),
('Rosa', 'Vega', 'rosa.vega@example.com', '555789654', 'Avenida Veinte 20, Ciudad Ejemplo', 2),
('Alberto', 'Díaz', 'alberto.diaz@example.com', '555456321', 'Calle Veintiuno 21, Ciudad Ejemplo', 3),
('Sara', 'Mendoza', 'sara.mendoza@example.com', '555321789', 'Avenida Veintidós 22, Ciudad Ejemplo', 4),
('Tomás', 'Ramos', 'tomas.ramos@example.com', '555987654', 'Calle Veintitrés 23, Ciudad Ejemplo', 5),
('Carmen', 'Vargas', 'carmen.vargas@example.com', '555654123', 'Avenida Veinticuatro 24, Ciudad Ejemplo', 6),
('Luis', 'Cruz', 'luis.cruz@example.com', '555123456', 'Calle Veinticinco 25, Ciudad Ejemplo', 1),
('Ana', 'Flores', 'ana.flores@example.com', '555789321', 'Avenida Veintiséis 26, Ciudad Ejemplo', 2),
('Carlos', 'Navarro', 'carlos.navarro@example.com', '555456987', 'Calle Veintisiete 27, Ciudad Ejemplo', 3),
('María', 'Suárez', 'maria.suarez@example.com', '555321654', 'Avenida Veintiocho 28, Ciudad Ejemplo', 4),
('José', 'Aguilar', 'jose.aguilar@example.com', '555987456', 'Calle Veintinueve 29, Ciudad Ejemplo', 5),
('Laura', 'Blanco', 'laura.blanco@example.com', '555654789', 'Avenida Treinta 30, Ciudad Ejemplo', 6);

-- Inserciones en la tabla Sucursales
INSERT INTO Sucursales (Nombre, Direccion, Telefono) VALUES
('Sucursal Centro', 'Calle Principal 1, Ciudad Ejemplo', '555123456'),
('Sucursal Norte', 'Avenida Norte 2, Ciudad Ejemplo', '555654321'),
('Sucursal Sur', 'Calle Sur 3, Ciudad Ejemplo', '555987654'),
('Sucursal Este', 'Avenida Este 4, Ciudad Ejemplo', '555456789'),
('Sucursal Oeste', 'Calle Oeste 5, Ciudad Ejemplo', '555321987'),
('Sucursal Noroeste', 'Avenida Noroeste 6, Ciudad Ejemplo', '555654987'),
('Sucursal Noreste', 'Calle Noreste 7, Ciudad Ejemplo', '555123789'),
('Sucursal Suroeste', 'Avenida Suroeste 8, Ciudad Ejemplo', '555789123'),
('Sucursal Sureste', 'Calle Sureste 9, Ciudad Ejemplo', '555456123'),
('Sucursal Central', 'Avenida Central 10, Ciudad Ejemplo', '555321456'),
('Sucursal Norte 2', 'Calle Norte 11, Ciudad Ejemplo', '555987321'),
('Sucursal Sur 2', 'Avenida Sur 12, Ciudad Ejemplo', '555654123'),
('Sucursal Este 2', 'Calle Este 13, Ciudad Ejemplo', '555123654'),
('Sucursal Oeste 2', 'Avenida Oeste 14, Ciudad Ejemplo', '555789321'),
('Sucursal Central 2', 'Calle Central 15, Ciudad Ejemplo', '555456987'),
('Sucursal Norte 3', 'Avenida Norte 16, Ciudad Ejemplo', '555321654'),
('Sucursal Sur 3', 'Calle Sur 17, Ciudad Ejemplo', '555987456'),
('Sucursal Este 3', 'Avenida Este 18, Ciudad Ejemplo', '555654789'),
('Sucursal Oeste 3', 'Calle Oeste 19, Ciudad Ejemplo', '555123987'),
('Sucursal Central 3', 'Avenida Central 20, Ciudad Ejemplo', '555789654');

-- Inserciones en la tabla Inventarios
INSERT INTO Inventarios (LibroID, SucursalID, Cantidad) VALUES
(1, 1, 100),
(2, 1, 150),
(3, 1, 200),
(4, 2, 120),
(5, 2, 130),
(6, 2, 160),
(7, 3, 140),
(8, 3, 170),
(9, 3, 110),
(10, 4, 180),
(11, 4, 100),
(12, 4, 150),
(13, 5, 200),
(14, 5, 120),
(15, 5, 130),
(16, 6, 160),
(17, 6, 140),
(18, 6, 170),
(19, 7, 110),
(20, 7, 180),
(21, 7, 100),
(22, 8, 150),
(23, 8, 200),
(24, 8, 120),
(25, 9, 130),
(26, 9, 160),
(27, 9, 140),
(28, 10, 170),
(29, 10, 110),
(30, 10, 180);
